数据集,算法,F1,Precision,Recall
JMeter,FluxEV,0.566499126653121,0.7026262268989301,0.47455805064500717
Prometheus 27 指标,FluxEV,0.5699650174912545,0.8055800812290306,0.4409859835669406
